{
  "tags": [
    {
      "ID": 3,
      "pose": {
        "translation": {
          "x": 13.9899898,
          "y": 0.0,
          "z": 1.4511020000000001
        },
        "rotation": {
          "quaternion": {
            "W": 0.7071067811865476,
            "X": 0.0,
            "Y": 0.0,
            "Z": -0.7071067811865476
          }
        }
      }
    },
    {
      "ID": 4,
      "pose": {
        "translation": {
          "x": 14.548992999999998,
          "y": 0.0,
          "z": 1.4511020000000001
        },
        "rotation": {
          "quaternion": {
            "W": 0.7071067811865476,
            "X": 0.0,
            "Y": 0.0,
            "Z": -0.7071067811865476
          }
        }
      }
    },
    {
      "ID": 7,
      "pose": {
        "translation": {
          "x": 0.7949946,
          "y": 0.0,
          "z": 1.4511020000000001
        },
        "rotation": {
          "quaternion": {
            "W": 0.7071067811865476,
            "X": 0.0,
            "Y": 0.0,
            "Z": -0.7071067811865476
          }
        }
      }
    },
    {
      "ID": 8,
      "pose": {
        "translation": {
          "x": 1.3599922,
          "y": 0.0,
          "z": 1.4511020000000001
        },
        "rotation": {
          "quaternion": {
            "W": 0.7071067811865476,
            "X": 0.0,
            "Y": 0.0,
            "Z": -0.7071067811865476
          }
        }
      }
    }
  ],
  "field": {
    "length": 17.548,
    "width": 8.052
  }
}
